Aleksey,5323387690,/hi
Aleksey,5323387690,/hi
Aleksey,5323387690,/start
Aleksey,5323387690,/green
Aleksey,5323387690,/hr карий зеленый
Aleksey,5323387690,/hi
Aleksey,5323387690,/start
Aleksey,5323387690,/green
Aleksey,5323387690,/start
Aleksey,5323387690,/black
Aleksey,5323387690,/hi 13:05:33.220641
Aleksey,5323387690,/start 13:05:37.859332
Aleksey,5323387690,/green 13:05:40.296685
Aleksey,5323387690,/hi 2023-02-01 13:10:01.847937
Aleksey,5323387690,/start 2023-02-01 13:10:04.735932
Aleksey,5323387690,/hi 2023-02-01 14:10:42.442508
Aleksey,5323387690,/start 2023-02-01 14:10:48.759356
Aleksey,5323387690,/blue 2023-02-01 14:10:52.611366
Aleksey,5323387690,/start 2023-02-01 14:11:07.778726
Aleksey,5323387690,/black 2023-02-01 14:11:13.710838
Aleksey,5323387690,/blue 2023-02-01 14:11:33.187379
